{"_type":"export","__export_format":4,"__export_date":"2025-03-12T09:14:36.656Z","__export_source":"insomnia.desktop.app:v10.3.1","resources":[{"_id":"req_5d64a2a30c1d4f7f83c6afeff072ca42","parentId":"fld_03f8d3b77093409f9231292297d7dbf2","modified":1741770750556,"created":1740489946663,"url":"http://localhost:3000/api/login","name":"/api/login","description":"","method":"POST","body":{"mimeType":"application/json","text":"{\n\t\"pseudo\": \"Etml\",\n\t\"mdp\": \"Etml2025\"\n}"},"parameters":[],"headers":[{"name":"Content-Type","value":"application/json"},{"name":"User-Agent","value":"insomnia/10.3.1"}],"authentication":{},"metaSortKey":-1741770750511,"isPrivate":false,"pathParameters":[],"settingStoreCookies":true,"settingSendCookies":true,"settingDisableRenderRequestBody":false,"settingEncodeUrl":true,"settingRebuildPath":true,"settingFollowRedirects":"global","_type":"request"},{"_id":"fld_03f8d3b77093409f9231292297d7dbf2","parentId":"wrk_15de92a287d84b0d83f1e3d7f5d7172b","modified":1741770747875,"created":1741770747875,"name":"Login","description":"","environment":{},"environmentPropertyOrder":null,"metaSortKey":-1741770747875,"environmentType":"kv","_type":"request_group"},{"_id":"wrk_15de92a287d84b0d83f1e3d7f5d7172b","parentId":null,"modified":1740486512860,"created":1740486512860,"name":"p_web-295","description":"","scope":"collection","_type":"workspace"},{"_id":"req_ebe8a3cc2168445f99e58d2a2c770050","parentId":"fld_129f1cdebd754a4981d13a5d0c525127","modified":1741770742001,"created":1741095295955,"url":"http://localhost:3000/api/users/1","name":"/api/users/1/books","description":"","method":"GET","body":{"mimeType":"application/json","text":""},"parameters":[],"headers":[{"name":"Content-Type","value":"application/json","id":"pair_4ec333cc3afc4f3688e3f8260168e0f0"},{"name":"User-Agent","value":"insomnia/10.3.1","id":"pair_f720727c242b48ee803c557d8dfe142c"},{"id":"pair_69079be5114248a69a151dc47ba90553","name":"authorization","value":"Berear eyJhbGciOiJIUzI1NiIsInR5cCI6IkpXVCJ9.eyJ1c2VySWQiOjEsImFkbWluIjp0cnVlLCJpYXQiOjE3NDA0OTM1MjAsImV4cCI6MTc3MjA1MTEyMH0.bzyKjicR7unBelM_HlNuukjqRdVMwEWGdQQpKvFOTqk","description":"","disabled":false}],"authentication":{},"metaSortKey":-1741770738859,"isPrivate":false,"pathParameters":[],"settingStoreCookies":true,"settingSendCookies":true,"settingDisableRenderRequestBody":false,"settingEncodeUrl":true,"settingRebuildPath":true,"settingFollowRedirects":"global","_type":"request"},{"_id":"fld_129f1cdebd754a4981d13a5d0c525127","parentId":"wrk_15de92a287d84b0d83f1e3d7f5d7172b","modified":1741770735998,"created":1741770735998,"name":"User","description":"","environment":{},"environmentPropertyOrder":null,"metaSortKey":-1741770735998,"environmentType":"kv","_type":"request_group"},{"_id":"req_b2bde81e21b747cb9c7db852358d0fd8","parentId":"fld_129f1cdebd754a4981d13a5d0c525127","modified":1741770738807,"created":1740486723917,"url":"http://localhost:3000/api/users","name":"/api/user","description":"","method":"GET","body":{},"parameters":[],"headers":[{"name":"User-Agent","value":"insomnia/10.3.1","id":"pair_f8f25ea0772348a4bf4ab050d2283c2e"},{"id":"pair_e22e129380ac4447b60519bb2ce22a81","name":"authorization","value":"Berear eyJhbGciOiJIUzI1NiIsInR5cCI6IkpXVCJ9.eyJ1c2VySWQiOjEsImFkbWluIjp0cnVlLCJpYXQiOjE3NDA0OTMxNzgsImV4cCI6MTc3MjA1MDc3OH0.Ax05D9R8y75GeSwH4tjH-Xqy_iWWbpDhQDS-DmFE8zs","description":"","disabled":false}],"authentication":{},"metaSortKey":-1741770738759,"isPrivate":false,"pathParameters":[],"settingStoreCookies":true,"settingSendCookies":true,"settingDisableRenderRequestBody":false,"settingEncodeUrl":true,"settingRebuildPath":true,"settingFollowRedirects":"global","_type":"request"},{"_id":"req_02cb938e71be4f3fae7d44759915f228","parentId":"fld_129f1cdebd754a4981d13a5d0c525127","modified":1741770774570,"created":1741770769588,"url":"http://localhost:3000/api/users/1","name":"/api/user/1","description":"","method":"GET","body":{},"parameters":[],"headers":[{"name":"User-Agent","value":"insomnia/10.3.1","id":"pair_f8f25ea0772348a4bf4ab050d2283c2e"},{"id":"pair_e22e129380ac4447b60519bb2ce22a81","name":"authorization","value":"Berear eyJhbGciOiJIUzI1NiIsInR5cCI6IkpXVCJ9.eyJ1c2VySWQiOjEsImFkbWluIjp0cnVlLCJpYXQiOjE3NDA0OTMxNzgsImV4cCI6MTc3MjA1MDc3OH0.Ax05D9R8y75GeSwH4tjH-Xqy_iWWbpDhQDS-DmFE8zs","description":"","disabled":false}],"authentication":{},"metaSortKey":-1741770732711.5,"isPrivate":false,"pathParameters":[],"settingStoreCookies":true,"settingSendCookies":true,"settingDisableRenderRequestBody":false,"settingEncodeUrl":true,"settingRebuildPath":true,"settingFollowRedirects":"global","_type":"request"},{"_id":"req_07c4951eaa654eda9bfe297141fbd9ad","parentId":"fld_4f18656f09cf48398e95b656a8dc2fc9","modified":1741770731835,"created":1741770172248,"url":"http://localhost:3000/api/categories","name":"/api/categorie","description":"","method":"GET","body":{"mimeType":"application/json","text":""},"parameters":[],"headers":[{"name":"Content-Type","value":"application/json","id":"pair_4ec333cc3afc4f3688e3f8260168e0f0"},{"name":"User-Agent","value":"insomnia/10.3.1","id":"pair_f720727c242b48ee803c557d8dfe142c"},{"id":"pair_69079be5114248a69a151dc47ba90553","name":"authorization","value":"Berear eyJhbGciOiJIUzI1NiIsInR5cCI6IkpXVCJ9.eyJ1c2VySWQiOjEsImFkbWluIjp0cnVlLCJpYXQiOjE3NDA0OTM1MjAsImV4cCI6MTc3MjA1MTEyMH0.bzyKjicR7unBelM_HlNuukjqRdVMwEWGdQQpKvFOTqk","description":"","disabled":false}],"authentication":{},"metaSortKey":-1741770726664,"isPrivate":false,"pathParameters":[],"settingStoreCookies":true,"settingSendCookies":true,"settingDisableRenderRequestBody":false,"settingEncodeUrl":true,"settingRebuildPath":true,"settingFollowRedirects":"global","_type":"request"},{"_id":"fld_4f18656f09cf48398e95b656a8dc2fc9","parentId":"wrk_15de92a287d84b0d83f1e3d7f5d7172b","modified":1741770718731,"created":1741770718731,"name":"Catégorie","description":"","environment":{},"environmentPropertyOrder":null,"metaSortKey":-1741770718731,"environmentType":"kv","_type":"request_group"},{"_id":"req_72f61606e2f549f1b9e394f79d7f5b20","parentId":"fld_4f18656f09cf48398e95b656a8dc2fc9","modified":1741770729872,"created":1741770160074,"url":"http://localhost:3000/api/categories/1","name":"/api/categorie/1","description":"","method":"GET","body":{"mimeType":"application/json","text":""},"parameters":[],"headers":[{"name":"Content-Type","value":"application/json","id":"pair_4ec333cc3afc4f3688e3f8260168e0f0"},{"name":"User-Agent","value":"insomnia/10.3.1","id":"pair_f720727c242b48ee803c557d8dfe142c"},{"id":"pair_69079be5114248a69a151dc47ba90553","name":"authorization","value":"Berear eyJhbGciOiJIUzI1NiIsInR5cCI6IkpXVCJ9.eyJ1c2VySWQiOjEsImFkbWluIjp0cnVlLCJpYXQiOjE3NDA0OTM1MjAsImV4cCI6MTc3MjA1MTEyMH0.bzyKjicR7unBelM_HlNuukjqRdVMwEWGdQQpKvFOTqk","description":"","disabled":false}],"authentication":{},"metaSortKey":-1741770726564,"isPrivate":false,"pathParameters":[],"settingStoreCookies":true,"settingSendCookies":true,"settingDisableRenderRequestBody":false,"settingEncodeUrl":true,"settingRebuildPath":true,"settingFollowRedirects":"global","_type":"request"},{"_id":"req_2250bd40d3444a1da848a1f43b8bb711","parentId":"fld_4f18656f09cf48398e95b656a8dc2fc9","modified":1741770726506,"created":1741770039366,"url":"http://localhost:3000/api/categories/1/books","name":"/api/categorie/1/books","description":"","method":"GET","body":{"mimeType":"application/json","text":""},"parameters":[],"headers":[{"name":"Content-Type","value":"application/json","id":"pair_4ec333cc3afc4f3688e3f8260168e0f0"},{"name":"User-Agent","value":"insomnia/10.3.1","id":"pair_f720727c242b48ee803c557d8dfe142c"},{"id":"pair_69079be5114248a69a151dc47ba90553","name":"authorization","value":"Berear eyJhbGciOiJIUzI1NiIsInR5cCI6IkpXVCJ9.eyJ1c2VySWQiOjEsImFkbWluIjp0cnVlLCJpYXQiOjE3NDA0OTM1MjAsImV4cCI6MTc3MjA1MTEyMH0.bzyKjicR7unBelM_HlNuukjqRdVMwEWGdQQpKvFOTqk","description":"","disabled":false}],"authentication":{},"metaSortKey":-1741770726464,"isPrivate":false,"pathParameters":[],"settingStoreCookies":true,"settingSendCookies":true,"settingDisableRenderRequestBody":false,"settingEncodeUrl":true,"settingRebuildPath":true,"settingFollowRedirects":"global","_type":"request"},{"_id":"req_854f262ef77c4f018c37285ede83bd9f","parentId":"fld_b8001de619904dd19e959440c38282af","modified":1741770695036,"created":1741770604826,"url":"http://localhost:3000/api/evaluations/1","name":"/api/evaluations/1","description":"","method":"GET","body":{"mimeType":"application/json","text":"{\n\t\"user_fk\" : 2,\n\t\"commentaire\": \"C'étais grave guezz genre pu la bite\",\n\t \"note\": 2\n}"},"parameters":[],"headers":[{"name":"Content-Type","value":"application/json","id":"pair_4ec333cc3afc4f3688e3f8260168e0f0"},{"name":"User-Agent","value":"insomnia/10.3.1","id":"pair_f720727c242b48ee803c557d8dfe142c"},{"id":"pair_69079be5114248a69a151dc47ba90553","name":"authorization","value":"Berear eyJhbGciOiJIUzI1NiIsInR5cCI6IkpXVCJ9.eyJ1c2VySWQiOjEsImFkbWluIjp0cnVlLCJpYXQiOjE3NDA0OTM1MjAsImV4cCI6MTc3MjA1MTEyMH0.bzyKjicR7unBelM_HlNuukjqRdVMwEWGdQQpKvFOTqk","description":"","disabled":false}],"authentication":{},"metaSortKey":-1741770688353,"isPrivate":false,"pathParameters":[],"settingStoreCookies":true,"settingSendCookies":true,"settingDisableRenderRequestBody":false,"settingEncodeUrl":true,"settingRebuildPath":true,"settingFollowRedirects":"global","_type":"request"},{"_id":"fld_b8001de619904dd19e959440c38282af","parentId":"wrk_15de92a287d84b0d83f1e3d7f5d7172b","modified":1741770678816,"created":1741770678816,"name":"Evaluation","description":"","environment":{},"environmentPropertyOrder":null,"metaSortKey":-1741770678816,"environmentType":"kv","_type":"request_group"},{"_id":"req_c3e212f61c7347a6a985f832abcc7931","parentId":"fld_b8001de619904dd19e959440c38282af","modified":1741770692869,"created":1741770596109,"url":"http://localhost:3000/api/evaluations","name":"/api/evaluations","description":"","method":"GET","body":{"mimeType":"application/json","text":"{\n\t\"user_fk\" : 2,\n\t\"commentaire\": \"C'étais grave guezz genre pu la bite\",\n\t \"note\": 2\n}"},"parameters":[],"headers":[{"name":"Content-Type","value":"application/json","id":"pair_4ec333cc3afc4f3688e3f8260168e0f0"},{"name":"User-Agent","value":"insomnia/10.3.1","id":"pair_f720727c242b48ee803c557d8dfe142c"},{"id":"pair_69079be5114248a69a151dc47ba90553","name":"authorization","value":"Berear eyJhbGciOiJIUzI1NiIsInR5cCI6IkpXVCJ9.eyJ1c2VySWQiOjEsImFkbWluIjp0cnVlLCJpYXQiOjE3NDA0OTM1MjAsImV4cCI6MTc3MjA1MTEyMH0.bzyKjicR7unBelM_HlNuukjqRdVMwEWGdQQpKvFOTqk","description":"","disabled":false}],"authentication":{},"metaSortKey":-1741770688253,"isPrivate":false,"pathParameters":[],"settingStoreCookies":true,"settingSendCookies":true,"settingDisableRenderRequestBody":false,"settingEncodeUrl":true,"settingRebuildPath":true,"settingFollowRedirects":"global","_type":"request"},{"_id":"req_d738fb927bc34bc7bec0c6345378fc22","parentId":"fld_b8001de619904dd19e959440c38282af","modified":1741770688191,"created":1741100570151,"url":"http://localhost:3000/api/evaluations/1","name":"/api/evaluations/1","description":"","method":"DELETE","body":{"mimeType":"application/json","text":"{\n\t\"user_fk\" : 2,\n\t\"commentaire\": \"C'étais grave guezz genre pu la bite\",\n\t \"note\": 2\n}"},"parameters":[],"headers":[{"name":"Content-Type","value":"application/json","id":"pair_4ec333cc3afc4f3688e3f8260168e0f0"},{"name":"User-Agent","value":"insomnia/10.3.1","id":"pair_f720727c242b48ee803c557d8dfe142c"},{"id":"pair_69079be5114248a69a151dc47ba90553","name":"authorization","value":"Berear eyJhbGciOiJIUzI1NiIsInR5cCI6IkpXVCJ9.eyJ1c2VySWQiOjEsImFkbWluIjp0cnVlLCJpYXQiOjE3NDA0OTM1MjAsImV4cCI6MTc3MjA1MTEyMH0.bzyKjicR7unBelM_HlNuukjqRdVMwEWGdQQpKvFOTqk","description":"","disabled":false}],"authentication":{},"metaSortKey":-1741770688153,"isPrivate":false,"pathParameters":[],"settingStoreCookies":true,"settingSendCookies":true,"settingDisableRenderRequestBody":false,"settingEncodeUrl":true,"settingRebuildPath":true,"settingFollowRedirects":"global","_type":"request"},{"_id":"req_0d6edfa1654f492fac027d6bf03a0305","parentId":"fld_9a5685e27d9243409feba63183eeb945","modified":1741770670319,"created":1741770144410,"url":"http://localhost:3000/api/authors/1","name":"/api/authors/1","description":"","method":"GET","body":{"mimeType":"application/json","text":""},"parameters":[],"headers":[{"name":"Content-Type","value":"application/json","id":"pair_4ec333cc3afc4f3688e3f8260168e0f0"},{"name":"User-Agent","value":"insomnia/10.3.1","id":"pair_f720727c242b48ee803c557d8dfe142c"},{"id":"pair_69079be5114248a69a151dc47ba90553","name":"authorization","value":"Berear eyJhbGciOiJIUzI1NiIsInR5cCI6IkpXVCJ9.eyJ1c2VySWQiOjEsImFkbWluIjp0cnVlLCJpYXQiOjE3NDA0OTM1MjAsImV4cCI6MTc3MjA1MTEyMH0.bzyKjicR7unBelM_HlNuukjqRdVMwEWGdQQpKvFOTqk","description":"","disabled":false}],"authentication":{},"metaSortKey":-1741770663816,"isPrivate":false,"pathParameters":[],"settingStoreCookies":true,"settingSendCookies":true,"settingDisableRenderRequestBody":false,"settingEncodeUrl":true,"settingRebuildPath":true,"settingFollowRedirects":"global","_type":"request"},{"_id":"fld_9a5685e27d9243409feba63183eeb945","parentId":"wrk_15de92a287d84b0d83f1e3d7f5d7172b","modified":1741770659888,"created":1741770647025,"name":"Authors","description":"","environment":{},"environmentPropertyOrder":null,"metaSortKey":-1741770647025,"environmentType":"kv","_type":"request_group"},{"_id":"req_0bd96722b42142aebf2f11675239c28c","parentId":"fld_9a5685e27d9243409feba63183eeb945","modified":1741770667980,"created":1741770136716,"url":"http://localhost:3000/api/authors","name":"/api/authors","description":"","method":"GET","body":{"mimeType":"application/json","text":""},"parameters":[],"headers":[{"name":"Content-Type","value":"application/json","id":"pair_4ec333cc3afc4f3688e3f8260168e0f0"},{"name":"User-Agent","value":"insomnia/10.3.1","id":"pair_f720727c242b48ee803c557d8dfe142c"},{"id":"pair_69079be5114248a69a151dc47ba90553","name":"authorization","value":"Berear eyJhbGciOiJIUzI1NiIsInR5cCI6IkpXVCJ9.eyJ1c2VySWQiOjEsImFkbWluIjp0cnVlLCJpYXQiOjE3NDA0OTM1MjAsImV4cCI6MTc3MjA1MTEyMH0.bzyKjicR7unBelM_HlNuukjqRdVMwEWGdQQpKvFOTqk","description":"","disabled":false}],"authentication":{},"metaSortKey":-1741770663716,"isPrivate":false,"pathParameters":[],"settingStoreCookies":true,"settingSendCookies":true,"settingDisableRenderRequestBody":false,"settingEncodeUrl":true,"settingRebuildPath":true,"settingFollowRedirects":"global","_type":"request"},{"_id":"req_5bb98c7e2d6b4996a1f584abf17d34ec","parentId":"fld_9a5685e27d9243409feba63183eeb945","modified":1741770663664,"created":1741091665383,"url":"http://localhost:3000/api/authors/1/books","name":"/api/authors/1/books","description":"","method":"GET","body":{"mimeType":"application/json","text":""},"parameters":[],"headers":[{"name":"Content-Type","value":"application/json","id":"pair_4ec333cc3afc4f3688e3f8260168e0f0"},{"name":"User-Agent","value":"insomnia/10.3.1","id":"pair_f720727c242b48ee803c557d8dfe142c"},{"id":"pair_69079be5114248a69a151dc47ba90553","name":"authorization","value":"Berear eyJhbGciOiJIUzI1NiIsInR5cCI6IkpXVCJ9.eyJ1c2VySWQiOjEsImFkbWluIjp0cnVlLCJpYXQiOjE3NDA0OTM1MjAsImV4cCI6MTc3MjA1MTEyMH0.bzyKjicR7unBelM_HlNuukjqRdVMwEWGdQQpKvFOTqk","description":"","disabled":false}],"authentication":{},"metaSortKey":-1741770663616,"isPrivate":false,"pathParameters":[],"settingStoreCookies":true,"settingSendCookies":true,"settingDisableRenderRequestBody":false,"settingEncodeUrl":true,"settingRebuildPath":true,"settingFollowRedirects":"global","_type":"request"},{"_id":"req_1fc2f7d8d3474901a18c78c1464d481d","parentId":"fld_58e89d6fa988486498dda71a55fbdc65","modified":1741770636286,"created":1741770231039,"url":"http://localhost:3000/api/books/1/evaluations","name":"/api/books/1/evaluations","description":"","method":"POST","body":{"mimeType":"application/json","text":"{\n\t\"user_fk\" : 2,\n\t\"commentaire\": \"C'étais incroyable\",\n\t \"note\": 2\n}"},"parameters":[],"headers":[{"name":"Content-Type","value":"application/json","id":"pair_4ec333cc3afc4f3688e3f8260168e0f0"},{"name":"User-Agent","value":"insomnia/10.3.1","id":"pair_f720727c242b48ee803c557d8dfe142c"},{"id":"pair_69079be5114248a69a151dc47ba90553","name":"authorization","value":"Berear eyJhbGciOiJIUzI1NiIsInR5cCI6IkpXVCJ9.eyJ1c2VySWQiOjEsImFkbWluIjp0cnVlLCJpYXQiOjE3NDA0OTM1MjAsImV4cCI6MTc3MjA1MTEyMH0.bzyKjicR7unBelM_HlNuukjqRdVMwEWGdQQpKvFOTqk","description":"","disabled":false}],"authentication":{},"metaSortKey":-1741770625264,"isPrivate":false,"pathParameters":[],"settingStoreCookies":true,"settingSendCookies":true,"settingDisableRenderRequestBody":false,"settingEncodeUrl":true,"settingRebuildPath":true,"settingFollowRedirects":"global","_type":"request"},{"_id":"fld_58e89d6fa988486498dda71a55fbdc65","parentId":"wrk_15de92a287d84b0d83f1e3d7f5d7172b","modified":1741770616891,"created":1741770616891,"name":"Books","description":"","environment":{},"environmentPropertyOrder":null,"metaSortKey":-1741770616891,"environmentType":"kv","_type":"request_group"},{"_id":"req_a0ed7da57d364d1cbc49ee56907e48b5","parentId":"fld_58e89d6fa988486498dda71a55fbdc65","modified":1741770634832,"created":1741093201027,"url":"http://localhost:3000/api/books/1/evaluations","name":"/api/books/1/evaluations","description":"","method":"GET","body":{"mimeType":"application/json","text":"{\n\t\"user_fk\" : 2,\n\t\"commentaire\": \"C'étais incroyable\",\n\t \"note\": 2\n}"},"parameters":[],"headers":[{"name":"Content-Type","value":"application/json","id":"pair_4ec333cc3afc4f3688e3f8260168e0f0"},{"name":"User-Agent","value":"insomnia/10.3.1","id":"pair_f720727c242b48ee803c557d8dfe142c"},{"id":"pair_69079be5114248a69a151dc47ba90553","name":"authorization","value":"Berear eyJhbGciOiJIUzI1NiIsInR5cCI6IkpXVCJ9.eyJ1c2VySWQiOjEsImFkbWluIjp0cnVlLCJpYXQiOjE3NDA0OTM1MjAsImV4cCI6MTc3MjA1MTEyMH0.bzyKjicR7unBelM_HlNuukjqRdVMwEWGdQQpKvFOTqk","description":"","disabled":false}],"authentication":{},"metaSortKey":-1741770625164,"isPrivate":false,"pathParameters":[],"settingStoreCookies":true,"settingSendCookies":true,"settingDisableRenderRequestBody":false,"settingEncodeUrl":true,"settingRebuildPath":true,"settingFollowRedirects":"global","_type":"request"},{"_id":"req_81459f60290a4472b6254b0f2d5f4846","parentId":"fld_58e89d6fa988486498dda71a55fbdc65","modified":1741770633205,"created":1740495928646,"url":"http://localhost:3000/api/books/3","name":"/api/books","description":"","method":"PUT","body":{"mimeType":"application/json","text":" {\n    \"titre\": \"Evan\"\n  }"},"parameters":[],"headers":[{"name":"Content-Type","value":"application/json","id":"pair_4ec333cc3afc4f3688e3f8260168e0f0"},{"name":"User-Agent","value":"insomnia/10.3.1","id":"pair_f720727c242b48ee803c557d8dfe142c"},{"id":"pair_69079be5114248a69a151dc47ba90553","name":"authorization","value":"Berear eyJhbGciOiJIUzI1NiIsInR5cCI6IkpXVCJ9.eyJ1c2VySWQiOjEsImFkbWluIjp0cnVlLCJpYXQiOjE3NDA0OTM1MjAsImV4cCI6MTc3MjA1MTEyMH0.bzyKjicR7unBelM_HlNuukjqRdVMwEWGdQQpKvFOTqk","description":"","disabled":false}],"authentication":{},"metaSortKey":-1741770625064,"isPrivate":false,"pathParameters":[],"settingStoreCookies":true,"settingSendCookies":true,"settingDisableRenderRequestBody":false,"settingEncodeUrl":true,"settingRebuildPath":true,"settingFollowRedirects":"global","_type":"request"},{"_id":"req_5432e930b34244a99b1a89bac52748ef","parentId":"fld_58e89d6fa988486498dda71a55fbdc65","modified":1741770631278,"created":1740494427839,"url":"http://localhost:3000/api/books/9","name":"/api/books","description":"","method":"DELETE","body":{"mimeType":"application/json","text":""},"parameters":[],"headers":[{"name":"Content-Type","value":"application/json","id":"pair_4ec333cc3afc4f3688e3f8260168e0f0"},{"name":"User-Agent","value":"insomnia/10.3.1","id":"pair_f720727c242b48ee803c557d8dfe142c"},{"id":"pair_69079be5114248a69a151dc47ba90553","name":"authorization","value":"Berear eyJhbGciOiJIUzI1NiIsInR5cCI6IkpXVCJ9.eyJ1c2VySWQiOjEsImFkbWluIjp0cnVlLCJpYXQiOjE3NDA0OTM1MjAsImV4cCI6MTc3MjA1MTEyMH0.bzyKjicR7unBelM_HlNuukjqRdVMwEWGdQQpKvFOTqk","description":"","disabled":false}],"authentication":{},"metaSortKey":-1741770624964,"isPrivate":false,"pathParameters":[],"settingStoreCookies":true,"settingSendCookies":true,"settingDisableRenderRequestBody":false,"settingEncodeUrl":true,"settingRebuildPath":true,"settingFollowRedirects":"global","_type":"request"},{"_id":"req_7d982edfd6fc46aa89bbcf768b57f7aa","parentId":"fld_58e89d6fa988486498dda71a55fbdc65","modified":1741770629843,"created":1741770192727,"url":"http://localhost:3000/api/books/9","name":"/api/books/1","description":"","method":"GET","body":{"mimeType":"application/json","text":""},"parameters":[],"headers":[{"name":"Content-Type","value":"application/json","id":"pair_4ec333cc3afc4f3688e3f8260168e0f0"},{"name":"User-Agent","value":"insomnia/10.3.1","id":"pair_f720727c242b48ee803c557d8dfe142c"},{"id":"pair_69079be5114248a69a151dc47ba90553","name":"authorization","value":"Berear eyJhbGciOiJIUzI1NiIsInR5cCI6IkpXVCJ9.eyJ1c2VySWQiOjEsImFkbWluIjp0cnVlLCJpYXQiOjE3NDA0OTM1MjAsImV4cCI6MTc3MjA1MTEyMH0.bzyKjicR7unBelM_HlNuukjqRdVMwEWGdQQpKvFOTqk","description":"","disabled":false}],"authentication":{},"metaSortKey":-1741770624864,"isPrivate":false,"pathParameters":[],"settingStoreCookies":true,"settingSendCookies":true,"settingDisableRenderRequestBody":false,"settingEncodeUrl":true,"settingRebuildPath":true,"settingFollowRedirects":"global","_type":"request"},{"_id":"req_77cf297bf08f404d8e3ba7409f1c4185","parentId":"fld_58e89d6fa988486498dda71a55fbdc65","modified":1741770627018,"created":1740493584665,"url":"http://localhost:3000/api/books","name":"/api/books","description":"","method":"POST","body":{"mimeType":"application/json","text":" {\n\t\t\t\t\"titre\": \"La Quête d'Evans\",\n\t\t\t\t\"nb_pages\": 420,\n\t\t\t\t\"extrait\": \"extrait_livre_2.pdf\",\n\t\t\t\t\"categorie_fk\": 2,\n\t\t\t\t\"resume\": \"Un jeune héros découvre des quêtes pour devenir gay.\",\n\t\t\t\t\"annee_edition\": \"2020-07-15\",\n\t\t\t\t\"nom_editeur\": \"Bragelonne\",\n\t\t\t\t\"img_couverture\": null,\n\t\t\t\t\"user_fk\": 2,\n\t\t\t\t\"ecrivain_fk\": 7\n  }"},"parameters":[],"headers":[{"name":"Content-Type","value":"application/json","id":"pair_4ec333cc3afc4f3688e3f8260168e0f0"},{"name":"User-Agent","value":"insomnia/10.3.1","id":"pair_f720727c242b48ee803c557d8dfe142c"},{"id":"pair_69079be5114248a69a151dc47ba90553","name":"authorization","value":"Berear eyJhbGciOiJIUzI1NiIsInR5cCI6IkpXVCJ9.eyJ1c2VySWQiOjEsImFkbWluIjp0cnVlLCJpYXQiOjE3NDA0OTM1MjAsImV4cCI6MTc3MjA1MTEyMH0.bzyKjicR7unBelM_HlNuukjqRdVMwEWGdQQpKvFOTqk","description":"","disabled":false}],"authentication":{},"metaSortKey":-1741770624764,"isPrivate":false,"pathParameters":[],"settingStoreCookies":true,"settingSendCookies":true,"settingDisableRenderRequestBody":false,"settingEncodeUrl":true,"settingRebuildPath":true,"settingFollowRedirects":"global","_type":"request"},{"_id":"req_d560ad568f144d37bc25ec9dae5cfd72","parentId":"fld_58e89d6fa988486498dda71a55fbdc65","modified":1741770625681,"created":1740486529902,"url":"http://localhost:3000/api/books","name":"/api/books","description":"","method":"GET","body":{"mimeType":"application/json","text":""},"parameters":[],"headers":[{"name":"Content-Type","value":"application/json","id":"pair_4ec333cc3afc4f3688e3f8260168e0f0"},{"name":"User-Agent","value":"insomnia/10.3.1","id":"pair_f720727c242b48ee803c557d8dfe142c"},{"id":"pair_69079be5114248a69a151dc47ba90553","name":"authorization","value":"Berear eyJhbGciOiJIUzI1NiIsInR5cCI6IkpXVCJ9.eyJ1c2VySWQiOjEsImFkbWluIjp0cnVlLCJpYXQiOjE3NDA0OTM1MjAsImV4cCI6MTc3MjA1MTEyMH0.bzyKjicR7unBelM_HlNuukjqRdVMwEWGdQQpKvFOTqk","description":"","disabled":false}],"authentication":{},"metaSortKey":-1741770624664,"isPrivate":false,"pathParameters":[],"settingStoreCookies":true,"settingSendCookies":true,"settingDisableRenderRequestBody":false,"settingEncodeUrl":true,"settingRebuildPath":true,"settingFollowRedirects":"global","_type":"request"},{"_id":"env_5bb003d1cbb0fe3c829a8ba4ea1611a1af3aa9d0","parentId":"wrk_15de92a287d84b0d83f1e3d7f5d7172b","modified":1740486512862,"created":1740486512862,"name":"Base Environment","data":{},"dataPropertyOrder":null,"color":null,"isPrivate":false,"metaSortKey":1740486512862,"environmentType":"kv","_type":"environment"},{"_id":"jar_5bb003d1cbb0fe3c829a8ba4ea1611a1af3aa9d0","parentId":"wrk_15de92a287d84b0d83f1e3d7f5d7172b","modified":1740486512863,"created":1740486512863,"name":"Default Jar","cookies":[],"_type":"cookie_jar"}]}